AerialCity_3840x1920_30fps_8bit_420_erp,1920,3840
Balboa_6144x3072_60fps_8bit_420_erp,3072,6144
BranCastle_6144x3072_30fps_8bit_420_erp,3072,6144
Broadway_6144x3072_60fps_8bit_420_erp,3072,6144
DrivingInCity_3840x1920_30fps_8bit_420_erp,1920,3840
DrivingInCountry_3840x1920_30fps_8bit_420_erp,1920,3840
Gaslamp_8192x4096_30fps_8bit_420_erp,4096,8192
Harbor_8192x4096_30fps_8bit_420_erp,4096,8192
KiteFlite_8192x4096_30fps_8bit_420_erp,4096,8192
Landing_6144x3072_30fps_8bit_420_erp,3072,6144
PoleVault_le_3840x1920_30fps_8bit_420_erp,1920,3840
SkateboardTrick_le_8192x4096_60fps_8bit_420_erp,4096,8192
Train_le_8192x4096_60fps_8bit_420_erp,4096,8192
Trolley_8192x4096_30fps_8bit_420_erp,4096,8192
